,num_elems,num_faces,type,npes,metis_lambda,metis_rho,metis_loads,metis_comms
0,40363,484356,tet,13,0.004775413125882615,1.0271040309194064,"[3051, 3166, 3158, 3189, 3044, 3110, 3146, 3180, 3115, 3037, 3041, 3047, 3079]","[401, 201, 370, 418, 374, 387, 381, 386, 374, 278, 296, 363, 397]"
