{"mesh_idx":0,"run_idx":0,"mesh_file":"\/home\/budvin\/research\/Partitioning\/Meshes\/10k_tet\/75651_sf_hexa.mesh_78608_298692.obj.mesh","np":4,"n":1598423,"SFC_morton_boundary_ratio":0.0324569904,"SFC_morton_boundary_ratio_expr":"51880\/1598423","SFC_morton_rho_max":1.026798964,"SFC_morton_rho_max_expr":"410314\/399605","SFC_morton_rho_min":0.9748326472,"SFC_morton_rho_min_expr":"389548\/399605","SFC_morton_partition_sizes":[401426,397135,389548,410314],"SFC_morton_partition_boundaries":[5653,14935,19875,11417],"SFC_morton_time":0,"BFS_boundary_ratio":0.0184575672,"BFS_boundary_ratio_expr":"29503\/1598423","BFS_rho_max":1.2315861914,"BFS_rho_max_expr":"492148\/399605","BFS_rho_min":0.833357941,"BFS_rho_min_expr":"333014\/399605","BFS_partition_sizes":[344643,492148,333014,428618],"BFS_partition_boundaries":[2793,11408,8212,7090],"BFS_time":3775918,"BFS_grow_boundary_ratio":0.0184575672,"BFS_grow_boundary_ratio_expr":"29503\/1598423","BFS_grow_rho_max":1.2315861914,"BFS_grow_rho_max_expr":"492148\/399605","BFS_grow_rho_min":0.833357941,"BFS_grow_rho_min_expr":"333014\/399605","BFS_grow_partition_sizes":[344643,492148,333014,428618],"BFS_grow_partition_boundaries":[2793,11408,8212,7090],"BFS_grow_time":3775918,"METIS_boundary_ratio":0.0163254658,"METIS_boundary_ratio_expr":"26095\/1598423","METIS_rho_max":1.0340085835,"METIS_rho_max_expr":"413195\/399605","METIS_rho_min":0.908880019,"METIS_rho_min_expr":"363193\/399605","METIS_partition_sizes":[363193,413195,413161,408874],"METIS_partition_boundaries":[2509,8539,7810,7237],"METIS_time":462813}
